{
  "Header_Length": "Header Length",
  "Protocol Type": "Protocol Type",
  "Time_To_Live": "Time To Live",
  "Rate": "Network Traffic Speed",
  "fin_flag_number": "Number of Packets",
  "syn_flag_number": "Number of Packets",
  "rst_flag_number": "Number of Packets",
  "psh_flag_number": "Number of Packets",
  "ack_flag_number": "Number of Packets",
  "ece_flag_number": "Number of Packets",
  "cwr_flag_number": "Number of Packets",
  "ack_count": "Ack Count",
  "syn_count": "Syn Count",
  "fin_count": "Fin Count",
  "rst_count": "Rst Count",
  "HTTP": "Http",
  "HTTPS": "Https",
  "DNS": "Dns",
  "Telnet": "Telnet",
  "SMTP": "Smtp",
  "SSH": "Ssh",
  "IRC": "Irc",
  "TCP": "Tcp",
  "UDP": "Udp",
  "DHCP": "Dhcp",
  "ARP": "Arp",
  "ICMP": "Icmp",
  "IGMP": "Igmp",
  "IPv": "Ipv",
  "LLC": "Llc",
  "Tot sum": "Total Packet Size Summary",
  "Min": "Minimum Packet Size",
  "Max": "Maximum Packet Size",
  "AVG": "Average Packet Size",
  "Std": "Packet Size Variation",
  "Tot size": "Total Data Volume",
  "IAT": "Time Between Packets",
  "Number": "Number of Packets",
  "Variance": "Data Variability"
}