{
  "model_version": "v2.0 (Persona-XAI)",
  "input_features": [
    "Header_Length",
    "Protocol Type",
    "Time_To_Live",
    "Rate",
    "fin_flag_number",
    "syn_flag_number",
    "rst_flag_number",
    "psh_flag_number",
    "ack_flag_number",
    "ece_flag_number",
    "cwr_flag_number",
    "ack_count",
    "syn_count",
    "fin_count",
    "rst_count",
    "HTTP",
    "HTTPS",
    "DNS",
    "Telnet",
    "SMTP",
    "SSH",
    "IRC",
    "TCP",
    "UDP",
    "DHCP",
    "ARP",
    "ICMP",
    "IGMP",
    "IPv",
    "LLC",
    "Tot sum",
    "Min",
    "Max",
    "AVG",
    "Std",
    "Tot size",
    "IAT",
    "Number",
    "Variance"
  ],
  "class_map": {
    "0": "Benign",
    "1": "DDoS",
    "2": "DoS",
    "3": "MQTT",
    "4": "Recon",
    "5": "Spoofing"
  },
  "thresholds": {
    "binary": 0.75,
    "multiclass": 0.7,
    "alert_confidence": 0.8
  },
  "feature_count": 39,
  "scaling": "StandardScaler (fit on train)",
  "imbalance_handling": "Class Weights (No SMOTE)"
}